Y1,Q1,Waste water assessment
Y1,Q1,Training system implmentation
Y1,Q1,Fire marshal evacuation plan
Y1,Q1,WorkNest H&S Policy completion
Y1,Q1,Fire risk assessment for 1 Toft Green.
Y1,Q2,Waste water planning and implmentation
Y1,Q2,Health and Safety Management Documentation and Assessment
Y1,Q3,NEBOSH Examination
Y1,Q3,Implement internal competent person structure
Y1,Q4,HSE Management System Framework
Y1,Q4,Compliance monitoring and review
Y1,Q4,Identify gaps and priorities for Y2
Y2,,Driver H&S review
Y2,,Embed HSE management into daily operations
Y3,,Occupational health assessment
Y3,,Review HSE culture within company
Y3,,Review of waste volumes
Y3,,Review of WorkNest partnership.
,,
Special Projects,,
Waste Water,"£15,824",
HSE Management System implementation,Internal,
NEBOSH Examination,£500,
COSHH Documentation,Internal,
Pedestrian Walkways in yard,When next lining parking area,
