Fuelcard Customers,Rank
A. Rhodes Jnr Caravans Ltd,
A.Clarke & Co.(Smethwick)Limited,
A.G. Parfett & Sons Ltd,
Alba Travel Ltd,
Albion Fine Foods Ltd,
Alpha Aggregates Ltd,
Apath Limited,
Aquaid Franchising Ltd Birmingham,
Aquaid Franchising Ltd Brampton,
Aquaid Franchising Ltd Glasgow,
Aquaid Franchising Ltd Liverpool,
Aquaid Franchising Ltd South Coast,
Avonvale Distributions Ltd,
Bemor Building Contractors Ltd,
Camelot Chilled Foods Ltd,
Catch The Occasion Photography,
Compass Supply Solutions Ltd,
Crayford Sybourn Ltd,
David Cover And Son Ltd,
Deeside Laundry,
DELIFRESH LIMITED,
Dorchester Finest Foods Ltd,
Dunsire Associates (Electrical) Ltd,
Elite Turnkey Solutions Ltd,
Employment Partners Limited,
Euro Wines C&C Ltd,
Eurocom Technical Services Ltd,
Europa Truck Parts Limited,
Everest Cash & Carry Ltd,
Excell Electrical Contractors Ltd,
Expert Installations Ltd,
Expressmode Ltd,
FACT Community Transport,
Flight Links (Lincoln) Ltd,
Friar's Pride Ltd,
Galaxy Insulation and Dry Lining Limited,
Gasrec Ltd,
Gladwin Electrical Services Ltd,
Glanynant Trading Ltd,
Glen Valley Tours Limited.,
Grade 2 Structural Repairs Ltd,
Green Candle Traction limited,
Green Community Travel limited,
GRS Integrated Solutions Ltd,
Hills Prospect PLC,
Indus Foods Ltd,
J.W. Filshill Ltd,
JDW Building & Conservation Ltd,
L V Shipping Limited,
Lifeline Alarm Systems Ltd,
Lower Lane Ltd,
LWC Drinks Ltd,
LWOL Ltd,
Mabanaft,
Martin Pearce Ltd,
Maxis Trading Ltd,
Medina Quay Meats Ltd,
Moor Farm York Ltd,
PeoplesBus Ltd,
PH Ellis & Son,
Portland Fuel Ltd,
Redline Aviation Security Ltd,
RHD Storage Solutions Ltd,
Rocon Contractors Ltd,
SB Refrigeration and Electrical Engineers Ltd,
Simply Aquatic Services Ltd,
Southern Counties Glass Ltd,
Southern Mobility Services Ltd,
Star Platforms Ltd,
Stephensons of Essex Limited,
Stock Bounty T/A Country Fare,
Stock Bounty TA Country Fare,
Strettons Spreading Services Ltd,
The Courier Company Nationwide Limited,
United Wholesale Grocers Ltd,
Watermen Foods Ltd,
Westwood Crane Services Ltd,
Young's Beers Wines & Spirits Ltd,
Your Marquee Ltd,
