Customer,Ranking
Adams and Green Limited,
Bagnall & Morris (Waste Services) Ltd,
Boilerjuice Limited,
Brandsby Agricultural Trading Association Ltd,
Centrebus Ltd,
Craig of Campbeltown Ltd,
D&G Bus Ltd,
David Cover And Son Ltd,
Dennis Distribution LLP,
Estuary Oils Limited,
Expert Logistics Ltd,
Grant Palmer Ltd,
Heltor Limited,
Highland Fuels Ltd,
Hingley & Callow Oils Limited,
Howard Tenens Ltd,
Isles of Scilly Shipping Company Ltd,
Isles of Scilly Skybus Limited,
Johnston Oils Ltd,
MacDonnell Fuels Ltd,
Massey Bros (Feeds) Ltd,
McGill’s Bus Service Ltd,
Nirva Energy Ltd,
Northern Energy Gas Ltd,
Oxalis Logistics UK Ltd,
Post Office Limited,
Regroup (UK) Limited,
Selwyns Travel Ltd,
Stalkers Transport Services Ltd,
Stephensons of Essex Limited,
Stephensons of Essex Ltd,
Your NRG Limited,
